model,weighted_count,percentage
M1,3.0,1.4285714285714286
M2,28.416666666666668,13.531746031746033
M3,44.25,21.071428571428573
M4,42.083333333333336,20.03968253968254
M5,92.25,43.92857142857143
