model,count,percentage
M1,15,2.793296089385475
M2,88,16.387337057728118
M3,127,23.649906890130353
M4,124,23.09124767225326
M5,183,34.07821229050279
