model,count,percentage
M1,14,2.6315789473684212
M2,87,16.353383458646615
M3,118,22.18045112781955
M4,143,26.8796992481203
M5,170,31.954887218045112
