model,weighted_count,percentage
M1,5.1,2.4285714285714284
M2,26.6,12.666666666666666
M3,39.266666666666666,18.698412698412696
M4,55.1,26.238095238095237
M5,83.93333333333334,39.96825396825397
